index,test_y_pred
1.0,2.681708
2.0,0.9367585
3.0,2.9276307
4.0,2.9829981
5.0,1.6160903
